<?xml version="1.0" encoding="UTF-8"?>
<Server port="8005" shutdown="SHUTDOWN">
    <Listener className="org.apache.catalina.startup.VersionLoggerListener" />
    <Listener className="org.apache.catalina.core.AprLifecycleListener" SSLEngine="on" />
    <Listener className="org.apache.catalina.core.JreMemoryLeakPreventionListener" />
    <Listener className="org.apache.catalina.mbeans.GlobalResourcesLifecycleListener" />
    <Listener className="org.apache.catalina.core.ThreadLocalLeakPreventionListener" />

    <GlobalNamingResources>
        <Resource name="UserDatabase" auth="Container"
            type="org.apache.catalina.UserDatabase"
            description="User database for authentication"
            factory="org.apache.catalina.users.MemoryUserDatabaseFactory"
            pathname="conf/tomcat-users.xml" />
    </GlobalNamingResources>

    <Service name="Catalina">
        <Connector port="8080" protocol="HTTP/1.1"
            connectionTimeout="20000"
            redirectPort="8443"
            maxThreads="250"
            bufferSize="16384"
            URIEncoding="UTF-8" />

        <Connector port="8081" protocol="HTTP/1.1"
            connectionTimeout="20000"
            redirectPort="8443"
            maxThreads="250"
            URIEncoding="UTF-8" />

        <Connector protocol="AJP/1.3" address="0.0.0.0" port="8009" redirectPort="8443"
            secretRequired="false" />

        <Connector port="8443" protocol="org.apache.coyote.http11.Http11NioProtocol"
            maxThreads="150" SSLEnabled="true" scheme="https" secure="true"
            clientAuth="want" sslProtocol="TLS">
            <SSLHostConfig>
                <Certificate certificateKeystoreFile="conf/keystore.jks"
                    certificateKeystorePassword="changeit" type="RSA" />
            </SSLHostConfig>
        </Connector>

        <Engine name="Catalina" defaultHost="localhost">
            <Realm className="org.apache.catalina.realm.LockOutRealm">
                <Realm className="org.apache.catalina.realm.UserDatabaseRealm"
                    resourceName="UserDatabase" />
            </Realm>

            <Host name="sitio1.local" appBase="webapps/sitio1" unpackWARs="true" autoDeploy="true">
                <Valve className="org.apache.catalina.valves.AccessLogValve" directory="logs"
                    prefix="sitio1_access." suffix=".log"
                    pattern="%h %l %u %t &quot;%r&quot; %s %b %D" />
            </Host>

            <Host name="sitio2.local" appBase="webapps/sitio2" unpackWARs="true" autoDeploy="true">
                <Valve className="org.apache.catalina.valves.AccessLogValve" directory="logs"
                    prefix="sitio2_access." suffix=".log"
                    pattern="%h %l %u %t &quot;%r&quot; %s %b %D" />
            </Host>

            <Host name="localhost" appBase="webapps" unpackWARs="true" autoDeploy="true">
                <Valve className="org.apache.catalina.valves.AccessLogValve" directory="logs"
                    prefix="localhost_access_log" suffix=".txt"
                    pattern="%h %l %u %t &quot;%r&quot; %s %b" />
            </Host>
        </Engine>
    </Service>
</Server>